name,description,category,subcategory,unit,country,last_date,last_value,chg_1d_pct,chg_1w_pct,chg_1m_pct,chg_1y_pct,ytd_pct,chg_1d_abs,chg_1w_abs,chg_1m_abs,chg_1y_abs,yoy_pct
sp500,S&P 500,equities,us,index,US,2026-06-16,7511.3501,-0.5684,1.6882,1.3883,25.6715,9.5193,,,,,
nasdaq100,Nasdaq 100,equities,us,index,US,2026-06-16,29968.1309,-1.8851,3.0382,2.8942,38.5423,18.892,,,,,
dow_jones,Dow Jones,equities,us,index,US,2026-06-16,51999.6719,0.636,2.2165,4.9943,23.2284,7.4764,,,,,
russell2000,Russell 2000,equities,us,index,US,2026-06-16,2939.2,-0.8732,2.5176,5.2232,39.9279,17.1827,,,,,
vix,VIX Volatility,equities,us,index,US,2026-06-17,16.41,0.0,-26.1476,-9.1362,-24.0278,13.0944,,,,,
eurostoxx50,Euro Stoxx 50,equities,europe,index,EU,2026-06-17,6258.4502,0.0165,4.1348,7.0003,16.7443,5.6512,,,,,
dax,DAX,equities,europe,index,DE,2026-06-17,24774.4102,-0.546,2.3934,1.5318,6.2467,0.9579,,,,,
cac40,CAC 40,equities,europe,index,FR,2026-06-17,8441.9502,-0.063,3.4321,5.7655,11.2296,3.0108,,,,,
ftse100,FTSE 100,equities,europe,index,UK,2026-06-17,10469.0195,-0.2399,2.089,1.4066,18.381,5.2047,,,,,
ibex35,IBEX 35,equities,europe,index,ES,2026-06-17,19127.8008,-0.1868,5.4297,8.2495,38.1039,9.3492,,,,,
ftse_mib,FTSE MIB,equities,europe,index,IT,2026-06-17,52258.6016,-0.3326,4.4566,8.0728,32.6798,15.173,,,,,
aex,AEX,equities,europe,index,NL,2026-06-17,1073.65,0.3364,2.0657,5.3817,18.1757,10.9613,,,,,
bel20,BEL 20,equities,europe,index,BE,2026-06-17,5637.54,-0.4765,0.6957,3.8638,26.9851,10.2697,,,,,
smi,SMI,equities,europe,index,CH,2026-06-17,13737.5898,-0.174,2.0371,3.7527,11.4756,3.7009,,,,,
nikkei,Nikkei 225,equities,asia,index,JP,2026-06-17,69902.25,0.7172,8.9172,15.4444,85.184,34.861,,,,,
hang_seng,Hang Seng,equities,asia,index,HK,2026-06-17,24312.1602,-0.7422,-0.3925,-5.3087,0.5406,-7.6933,,,,,
shanghai,Shanghai Composite,equities,asia,index,CN,2026-06-17,4108.0762,0.3955,2.8761,-1.4741,21.6774,2.1042,,,,,
csi300,CSI 300,equities,asia,index,CN,2026-06-17,4931.3862,3.225,4.6195,1.4774,28.4138,4.5283,,,,,
kospi,KOSPI,equities,asia,index,KR,2026-06-17,8864.2402,1.5773,14.6611,18.2974,219.9116,105.6845,,,,,
sensex,Sensex,equities,asia,index,IN,2026-06-17,77024.7266,0.2815,4.1111,2.27,-6.5747,-9.5833,,,,,
nifty50,Nifty 50,equities,asia,index,IN,2026-06-17,24026.6992,0.1565,3.4967,1.593,-4.2883,-8.1076,,,,,
asx200,ASX 200,equities,asia,index,AU,2026-06-17,8966.2998,0.545,3.6171,5.4201,5.1926,2.7326,,,,,
straits_times,Straits Times,equities,asia,index,SG,2026-06-17,5179.6899,1.2279,4.4534,3.8205,31.7773,11.2448,,,,,
tsx,TSX,equities,americas,index,CA,2026-06-16,35389.6016,0.3232,2.8418,4.5996,33.5235,10.9969,,,,,
bovespa,Bovespa,equities,americas,index,BR,2026-06-16,169649.0,-0.4495,-0.0966,-4.3066,23.7158,5.6746,,,,,
ipc_mexico,IPC Mexico,equities,americas,index,MX,2026-06-16,68482.9375,0.4037,4.6988,0.1136,19.2281,6.7688,,,,,
sector_tech,Technologie,equities,sectors,index,US,2026-06-16,186.44,-2.7895,3.1366,5.7756,56.7968,29.3637,,,,,
sector_financial,Financials,equities,sectors,index,US,2026-06-16,54.35,1.475,3.6027,6.3601,10.4669,-0.5473,,,,,
sector_energy,Energy,equities,sectors,index,US,2026-06-16,55.36,-0.342,-3.5372,-6.8641,29.7101,22.0629,,,,,
sector_health,Health Care,equities,sectors,index,US,2026-06-16,152.94,0.0327,-1.0545,5.4032,14.3521,-1.2483,,,,,
sector_industrial,Industrials,equities,sectors,index,US,2026-06-16,179.85,0.6548,2.4203,4.93,27.777,14.1634,,,,,
sector_comms,Communication Services,equities,sectors,index,US,2026-06-16,112.32,0.1159,0.7535,-3.2391,10.8528,-3.6113,,,,,
sector_cons_disc,Consumer Discretionary,equities,sectors,index,US,2026-06-16,118.46,-0.0928,2.2353,1.6562,12.7763,0.294,,,,,
sector_cons_staples,Consumer Staples,equities,sectors,index,US,2026-06-16,85.59,0.1287,1.7717,1.1224,8.6424,10.7887,,,,,
sector_utilities,Utilities,equities,sectors,index,US,2026-06-16,45.06,0.7152,2.4557,2.7126,13.835,5.0835,,,,,
sector_realestate,Real Estate,equities,sectors,index,US,2026-06-16,45.1,0.2445,0.2891,4.3257,11.4062,12.4396,,,,,
sector_materials,Materials,equities,sectors,index,US,2026-06-16,52.72,0.419,3.8409,4.8111,23.0324,14.8189,,,,,
gold,Gold,commodities,metals,USD,GL,2026-06-17,4337.7998,0.1593,5.5888,-4.7161,28.0872,0.5424,,,,,
oil_wti,WTI Oil,commodities,Energy,USD,GL,2026-06-17,75.65,-0.526,-15.9725,-30.3792,1.0823,31.9784,,,,,
oil_brent,Brent Oil,commodities,Energy,USD,GL,2026-06-17,79.34,0.4813,-14.7798,-29.2239,3.7802,30.6008,,,,,
natural_gas,Natural Gas,commodities,Energy,USD,GL,2026-06-17,3.239,0.0,1.6955,7.1098,-15.892,-10.4754,,,,,
gasoline,Gasoline,commodities,Energy,USD,GL,2026-06-17,2.8153,-2.2635,-9.473,-25.1389,23.9183,65.7814,,,,,
heating_oil,Heating Oil,commodities,Energy,USD,GL,2026-06-17,3.1517,-0.5836,-12.7581,-23.4002,25.8113,49.0095,,,,,
coal_newcastle,Coal (Newcastle),commodities,Energy,USD,GL,2025-12-26,96.0,-0.5697,-1.0309,-0.1041,-14.2857,-16.1572,,,,,
copper,Copper,commodities,metals,USD,GL,2026-06-17,6.509,0.3082,4.1607,3.7787,35.59,15.4078,,,,,
silver,Silver,commodities,metals,USD,GL,2026-06-17,69.6,-0.4278,7.7416,-9.696,87.6517,-1.355,,,,,
platinum,Platinum,commodities,metals,USD,GL,2026-06-17,1785.2,-1.4845,5.7583,-9.2932,41.6713,-16.0183,,,,,
palladium,Palladium,commodities,metals,USD,GL,2026-06-17,1351.5,-0.3245,9.8066,-4.6763,30.3656,-18.9748,,,,,
wheat,Wheat,commodities,agriculture,USD,GL,2026-06-17,608.0,2.0134,3.4894,-8.5026,13.3271,20.0395,,,,,
corn,Corn,commodities,agriculture,USD,GL,2026-06-17,413.25,-0.1208,-1.3723,-13.3648,-4.9454,-5.5429,,,,,
soybeans,Soybeans,commodities,agriculture,USD,GL,2026-06-17,1150.5,1.8142,2.4488,-5.1525,7.5485,11.7533,,,,,
coffee,Coffee,commodities,agriculture,USD,GL,2026-06-17,261.1,-5.8251,5.1127,-5.4671,-22.257,-26.9241,,,,,
cotton,Cotton,commodities,agriculture,USD,GL,2026-06-17,78.45,4.586,10.3376,-6.2724,20.5995,22.559,,,,,
sugar,Sugar,commodities,agriculture,USD,GL,2026-06-17,14.27,3.2562,2.5144,-3.1229,-11.2562,-2.2603,,,,,
cocoa,Cocoa,commodities,agriculture,USD,GL,2026-06-16,4142.0,6.6976,8.118,3.4983,-58.7245,-29.4498,,,,,
lumber,Lumber,commodities,agriculture,USD,GL,2023-05-15,344.0,1.4749,-3.9106,-17.9585,-65.7371,-5.3645,,,,,
dxy,Dollar Index (DXY),currencies,indices,%,GL,2026-06-17,99.588,0.0482,-0.3622,0.6244,1.6204,1.1867,,,,,
crypto_btc,Bitcoin,crypto,major,USD,GL,2026-06-17,64922.3984,-1.0339,2.1705,-12.6738,-47.3694,-26.8331,,,,,
crypto_eth,Ethereum,crypto,major,USD,GL,2026-06-17,1765.03,-1.4169,5.9997,-12.7173,-61.0166,-41.1734,,,,,
crypto_bnb,BNB,crypto,major,USD,GL,2026-06-17,602.24,-0.3485,-0.2099,-7.0846,-53.9078,-30.2199,,,,,
crypto_sol,Solana,crypto,major,USD,GL,2026-06-17,72.32,-1.4899,8.3457,-12.199,-68.4332,-42.9478,,,,,
crypto_xrp,XRP,crypto,major,USD,GL,2026-06-17,1.196,-1.6438,5.6482,-8.4333,-58.4838,-36.3131,,,,,
crypto_ada,Cardano,crypto,major,USD,GL,2026-06-17,0.1693,-1.6544,-0.3179,-28.5841,-79.8192,-52.4721,,,,,
crypto_avax,Avalanche,crypto,major,USD,GL,2026-06-17,6.82,-0.7207,3.8865,-24.5371,-76.332,-49.6665,,,,,
crypto_doge,Dogecoin,crypto,major,USD,GL,2026-06-17,0.0859,-1.3717,-0.0512,-14.4359,-66.3801,-32.1756,,,,,
crypto_dot,Polkadot,crypto,major,USD,GL,2026-06-17,1.008,-0.3735,5.3993,-17.9726,-75.9865,-49.4997,,,,,
crypto_link,Chainlink,crypto,major,USD,GL,2026-06-17,8.176,-1.0714,4.0774,-10.4306,-63.8561,-35.0398,,,,,
crypto_ltc,Litecoin,crypto,major,USD,GL,2026-06-17,45.38,-0.555,5.4218,-12.6007,-61.7487,-43.164,,,,,
crypto_xlm,Stellar,crypto,major,USD,GL,2026-06-17,0.2197,1.6691,16.7217,34.0547,-43.4588,5.3436,,,,,
crypto_atom,Cosmos,crypto,major,USD,GL,2026-06-17,1.964,-1.2466,-0.7126,-7.7195,-52.9208,-4.9273,,,,,
crypto_uni,Uniswap,crypto,major,USD,GL,2025-04-17,0.0002,0.0,0.0,-6.8571,31.4516,-14.2105,,,,,
credit_us_hy_oas,US HY Spread,credit,high_yield,bps,US,2026-06-15,2.66,,,,,,-0.05,-0.09,-0.17,-0.25,
credit_us_hy_bb,US HY BB Spread,credit,high_yield,bps,US,2026-06-15,1.59,,,,,,-0.03,-0.06,-0.11,-0.08,
credit_us_hy_b,US HY B Spread,credit,high_yield,bps,US,2026-06-15,2.84,,,,,,-0.07,-0.15,-0.27,-0.16,
credit_us_hy_ccc,US HY CCC Spread,credit,high_yield,bps,US,2026-06-15,9.37,,,,,,-0.11,-0.12,-0.05,0.61,
credit_us_ig_oas,US IG Spread,credit,inv_grade,bps,US,2026-06-15,0.73,,,,,,-0.01,-0.02,-0.02,-0.11,
credit_us_ig_aaa,US IG AAA Spread,credit,inv_grade,bps,US,2026-06-15,0.34,,,,,,0.01,0.01,0.01,0.01,
credit_us_ig_aa,US IG AA Spread,credit,inv_grade,bps,US,2026-06-15,0.48,,,,,,0.0,-0.01,0.01,0.0,
credit_us_ig_a,US IG A Spread,credit,inv_grade,bps,US,2026-06-15,0.61,,,,,,-0.01,-0.02,-0.01,-0.1,
credit_us_ig_bbb,US IG BBB Spread,credit,inv_grade,bps,US,2026-06-15,0.92,,,,,,-0.01,-0.01,-0.02,-0.14,
credit_eu_hy_oas,EU HY Spread,credit,high_yield,bps,EU,2026-06-15,2.6,,,,,,-0.04,-0.03,-0.04,-0.5,
credit_em_hy_oas,EM HY Spread,credit,high_yield,bps,EM,2026-06-15,2.97,,,,,,-0.06,-0.05,-0.17,-0.66,
credit_em_ig_oas,EM IG Spread,credit,inv_grade,bps,EM,2026-06-15,0.78,,,,,,-0.01,0.01,-0.01,-0.19,
credit_em_corp_oas,EM Corp Spread,credit,inv_grade,bps,EM,2026-06-15,1.41,,,,,,-0.02,-0.01,-0.03,-0.3,
credit_us_fin_oas,US Financial Spread,credit,sector,bps,US,2026-06-15,0.47,,,,,,0.0,-0.02,-0.04,-0.06,
credit_ted_spread,TED Spread,credit,money_market,%,US,2022-01-21,0.09,,,,,,0.01,-0.03,-0.07,-0.05,
credit_sofr_spread,SOFR Rate,credit,money_market,%,US,2026-06-15,3.69,,,,,,0.04,0.06,0.13,-0.59,
credit_spread_10y_2y,10Y-2Y Spread,rates,yield_curve,%,US,2026-06-16,0.38,,,,,,-0.02,-0.02,-0.12,-0.08,
credit_spread_10y_3m,10Y-3M Spread,rates,yield_curve,%,US,2026-06-16,0.64,,,,,,-0.04,-0.1,-0.26,0.74,
credit_spread_aaa_10y,AAA Corp - 10Y,credit,inv_grade,%,US,2026-06-15,1.05,,,,,,0.01,0.05,0.0,0.02,
credit_term_prem_10y,Term Premium 10Y,rates,yield_curve,%,US,2026-06-12,0.7671,,,,,,0.0041,-0.0348,0.0183,0.1766,
credit_mortgage_30y,30Y Mortgage Rate,rates,mortgage,%,US,2026-06-11,6.52,,,,,,0.04,0.15,0.46,3.65,
rate_us,Fed Funds Rate,rates,policy_rate,%,US,2026-06-15,3.63,,,,,,,,0.01,0.01,
rate_ecb,ECB Deposit Rate,rates,policy_rate,%,EU,2026-06-16,2.0,,,,,,,,0.0,0.0,
rate_uk,BoE Base Rate,rates,policy_rate,%,UK,2017-01-01,0.25,,,,,,,,0.0,-0.25,
rate_jp,BoJ Rate,rates,policy_rate,%,JP,2023-12-01,0.3,,,,,,,,0.0,0.0,
rate_ca,BoC Rate,rates,policy_rate,%,CA,2023-12-01,5.25,,,,,,,,0.0,0.75,
rate_br,BCB Rate,rates,policy_rate,%,BR,2023-12-01,11.96,,,,,,,,-0.32,-1.79,
rate_in,RBI Rate,rates,policy_rate,%,IN,2023-12-01,6.75,,,,,,,,0.0,0.32,
rate_za,SARB Rate,rates,policy_rate,%,ZA,2023-12-01,8.25,,,,,,,,0.0,1.25,
rate_cn,PBoC Rate,rates,policy_rate,%,CN,2023-11-01,2.9,,,,,,,,0.0,0.0,
unemp_us,Unemployment US,labour,unemployment,%,US,2026-05-01,4.3,,,,,,,,0.0,0.1,
unemp_uk,Unemployment UK,labour,unemployment,%,UK,2026-01-01,4.9,,,,,,,,-0.3,0.5,
unemp_jp,Unemployment Japan,labour,unemployment,%,JP,2026-04-01,2.5,,,,,,,,-0.2,0.0,
unemp_ca,Unemployment Canada,labour,unemployment,%,CA,2026-05-01,6.6,,,,,,,,-0.3,-0.4,
unemp_de,Unemployment Germany,labour,unemployment,%,DE,2026-04-01,3.8,,,,,,,,0.0,0.1,
unemp_fr,Unemployment France,labour,unemployment,%,FR,2026-04-01,8.2,,,,,,,,0.0,0.7,
unemp_it,Unemployment Italy,labour,unemployment,%,IT,2026-04-01,5.1,,,,,,,,-0.1,-1.0,
unemp_au,Unemployment Australia,labour,unemployment,%,AU,2026-04-01,4.4878,,,,,,,,0.2098,0.4369,
unemp_se,Unemployment Sweden,labour,unemployment,%,SE,2026-04-01,8.5,,,,,,,,-0.7,-0.1,
unemp_kr,Unemployment South Korea,labour,unemployment,%,KR,2026-04-01,2.8,,,,,,,,0.1,0.1,
us_2y_yield,US 2Y Yield,rates,bonds,%,US,2026-04-01,3.8,,,,,,,,0.09,0.02,
us_10y_yield,US 10Y Yield,rates,bonds,%,US,2026-04-01,4.32,,,,,,,,0.07,0.04,
us_30y_yield,US 30Y Yield,rates,bonds,%,US,2026-04-01,4.91,,,,,,,,0.06,0.2,
fed_funds_rate,Fed Funds Rate (daily),rates,policy_rate,%,US,2026-05-18,3.63,,,,,,,,0.0,-0.01,
bond10y_uk,10Y VK,rates,bonds,%,UK,2026-05-01,4.9416,,,,,,,,0.1209,0.3412,
bond10y_de,10Y Duitsland,rates,bonds,%,DE,2026-05-01,3.0465,,,,,,,,0.0455,0.4836,
bond10y_fr,10Y Frankrijk,rates,bonds,%,FR,2026-05-01,3.7416,,,,,,,,0.0667,0.481,
bond10y_it,10Y Italië,rates,bonds,%,IT,2026-04-01,3.818,,,,,,,,0.085,0.106,
bond10y_jp,10Y Japan,rates,bonds,%,JP,2026-05-01,2.65,,,,,,,,0.135,1.15,
bond10y_ca,10Y Canada,rates,bonds,%,CA,2026-05-01,3.5415,,,,,,,,0.0582,0.3201,
bond10y_au,10Y Australia,rates,bonds,%,AU,2026-05-01,4.99,,,,,,,,0.021,0.64,
bond10y_se,10Y Sweden,rates,bonds,%,SE,2026-05-01,2.7446,,,,,,,,-0.0404,0.3467,
bond10y_no,10Y Norway,rates,bonds,%,NO,2026-05-01,4.3299,,,,,,,,0.0435,0.3208,
bond10y_ch,10Y Switzerland,rates,bonds,%,CH,2026-05-01,0.44,,,,,,,,-0.01,0.181,
bond10y_kr,10Y South Korea,rates,bonds,%,KR,2026-05-01,4.075,,,,,,,,0.338,1.365,
bond10y_mx,10Y Mexico,rates,bonds,%,MX,2026-05-01,9.45,,,,,,,,0.57,0.19,
bond10y_es,10Y Spain,rates,bonds,%,ES,2026-05-01,3.4823,,,,,,,,0.0332,0.2734,
bond10y_be,10Y Belgium,rates,bonds,%,BE,2026-05-01,3.6,,,,,,,,0.01,0.46,
bond10y_pt,10Y Portugal,rates,bonds,%,PT,2026-05-01,3.42,,,,,,,,-0.01,0.34,
bond10y_gr,10Y Greece,rates,bonds,%,GR,2026-05-01,3.75,,,,,,,,-0.03,0.38,
bond10y_at,10Y Austria,rates,bonds,%,AT,2026-04-01,3.3033,,,,,,,,0.0634,0.3212,
bond10y_fi,10Y Finland,rates,bonds,%,FI,2026-05-01,3.3991,,,,,,,,0.0151,0.4475,
bond10y_nl,10Y Netherlands,rates,bonds,%,NL,2026-04-01,3.15,,,,,,,,0.123,0.437,
rate3m_uk,3M Rate UK,rates,money_market,%,UK,2026-01-01,3.71,,,,,,,,-0.04,-0.84,
rate3m_de,3M Rate Germany,rates,money_market,%,DE,2026-05-01,2.2261,,,,,,,,0.0508,0.1389,
rate3m_jp,3M Rate Japan,rates,money_market,%,JP,2026-04-01,1.2418,,,,,,,,-0.027,0.4582,
rate3m_ca,3M Rate Canada,rates,money_market,%,CA,2026-05-01,2.2925,,,,,,,,0.0205,-0.33,
rate3m_au,3M Rate Australia,rates,money_market,%,AU,2026-05-01,4.43,,,,,,,,0.09,0.65,
rate3m_ch,3M Rate Switzerland,rates,money_market,%,CH,2026-05-01,-0.0381,,,,,,,,0.0017,-0.1301,
rate3m_se,3M Rate Sweden,rates,money_market,%,SE,2026-05-01,1.9566,,,,,,,,0.0208,-0.3459,
rate3m_no,3M Rate Norway,rates,money_market,%,NO,2026-05-01,4.56,,,,,,,,0.08,-0.08,
rate3m_kr,3M Rate South Korea,rates,money_market,%,KR,2026-05-01,2.82,,,,,,,,0.0,0.15,
rate3m_mx,3M Rate Mexico,rates,money_market,%,MX,2026-05-01,6.86,,,,,,,,-0.2,-2.26,
rate3m_za,3M Rate South Africa,rates,money_market,%,ZA,2026-05-01,6.91,,,,,,,,0.1,-0.44,
ecb_ecb_deposit,ECB Deposit Rate,rates,policy_rate,%,EU,2026-06-17,2.25,,,,,,,,0.25,-1.0,
ecb_ecb_refi,ECB Refi Rate,rates,policy_rate,%,EU,2026-06-17,2.4,,,,,,,,0.25,-1.35,
ecb_ecb_lending,ECB Lending Rate,rates,policy_rate,%,EU,2025-06-11,2.4,,,,,,,,-0.25,-1.35,
ecb_euribor_1m,Euribor 1M,rates,money_market,%,EU,2026-05-01,1.9566,,,,,,,,-0.0147,-0.1374,
ecb_euribor_3m,Euribor 3M,rates,money_market,%,EU,2026-05-01,2.2261,,,,,,,,0.0508,0.1389,
ecb_euribor_6m,Euribor 6M,rates,money_market,%,EU,2026-05-01,2.5364,,,,,,,,0.0827,0.4202,
ecb_estr,€STR Overnight,rates,money_market,%,EU,2026-06-16,1.931,,,,,,,,0.0,0.001,
ecb_bonds_ea_2y,Eurozone 2Y Benchmark,rates,bonds,%,EU,2026-05-01,2.7477,,,,,,,,0.0496,0.796,
ecb_bonds_ea_5y,Eurozone 5Y Benchmark,rates,bonds,%,EU,2026-05-01,3.0103,,,,,,,,0.0327,0.5346,
ecb_bonds_ea_10y,Eurozone 10Y Benchmark,rates,bonds,%,EU,2026-05-01,3.4905,,,,,,,,0.0268,0.4195,
ecb_yc_2y,ECB Yieldcurve 2Y,rates,yield_curve,%,EU,2026-06-15,2.5185,,,,,,,,-0.0591,-0.0068,
ecb_yc_5y,ECB Yieldcurve 5Y,rates,yield_curve,%,EU,2026-06-15,2.6445,,,,,,,,-0.0726,-0.0292,
ecb_yc_10y,ECB Yieldcurve 10Y,rates,yield_curve,%,EU,2026-06-15,3.0089,,,,,,,,-0.0605,-0.026,
ecb_eur_usd,EUR/USD,currencies,eur_pairs,rate,EU,2026-05-01,1.1673,,,-0.2836,3.5037,,,,,,
ecb_eur_gbp,EUR/GBP,currencies,eur_pairs,rate,EU,2026-05-01,0.8656,,,-0.4239,2.6263,,,,,,
ecb_eur_jpy,EUR/JPY,currencies,eur_pairs,rate,EU,2026-05-01,184.7095,,,-0.8037,13.2185,,,,,,
ecb_eur_cny,EUR/CNY,currencies,eur_pairs,rate,EU,2026-05-01,7.9352,,,-0.8162,-2.4546,,,,,,
ecb_eur_chf,EUR/CHF,currencies,eur_pairs,rate,EU,2026-05-01,0.9149,,,-0.6946,-2.2082,,,,,,
ecb_eur_aud,EUR/AUD,currencies,eur_pairs,rate,EU,2026-05-01,1.6258,,,-1.4043,-7.213,,,,,,
ecb_eur_cad,EUR/CAD,currencies,eur_pairs,rate,EU,2026-05-01,1.6027,,,-0.4305,2.437,,,,,,
ecb_eur_sek,EUR/SEK,currencies,eur_pairs,rate,EU,2026-05-01,10.8613,,,0.2441,-0.183,,,,,,
ecb_eur_nok,EUR/NOK,currencies,eur_pairs,rate,EU,2026-05-01,10.7936,,,-2.172,-6.9262,,,,,,
ecb_eur_krw,EUR/KRW,currencies,eur_pairs,rate,EU,2026-05-01,1740.2725,,,0.3588,11.1187,,,,,,
ecb_eur_brl,EUR/BRL,currencies,eur_pairs,rate,EU,2026-05-01,5.8191,,,-1.0869,-9.0099,,,,,,
ecb_eur_inr,EUR/INR,currencies,eur_pairs,rate,EU,2026-05-01,111.5368,,,1.876,16.0116,,,,,,
ecb_eur_try,EUR/TRY,currencies,eur_pairs,rate,EU,2026-05-01,53.1584,,,1.3527,21.3916,,,,,,
ecb_eur_mxn,EUR/MXN,currencies,eur_pairs,rate,EU,2026-05-01,20.2055,,,-0.9646,-7.8423,,,,,,
ecb_eur_pln,EUR/PLN,currencies,eur_pairs,rate,EU,2026-05-01,4.2412,,,-0.2125,-0.2973,,,,,,
ecb_eur_czk,EUR/CZK,currencies,eur_pairs,rate,EU,2026-05-01,24.3129,,,-0.2805,-2.4474,,,,,,
ecb_eur_huf,EUR/HUF,currencies,eur_pairs,rate,EU,2026-05-01,358.231,,,-2.9078,-11.3155,,,,,,
ecb_eur_zar,EUR/ZAR,currencies,eur_pairs,rate,EU,2026-05-01,19.2317,,,-0.6392,-5.7845,,,,,,
cpi_us,CPI US,inflation,cpi,index,US,2026-05-01,333.979,,,,,,,,,,4.27
cpi_uk,CPI UK,inflation,cpi,index,UK,2025-03-01,136.1,,,,,,,,,,3.4195
cpi_jp,CPI Japan,inflation,cpi,index,JP,2021-06-01,101.298,,,,,,,,,,-0.4005
cpi_ca,CPI Canada,inflation,cpi,index,CA,2025-03-01,129.1809,,,,,,,,,,2.3153
cpi_de,CPI Germany,inflation,cpi,index,DE,2025-03-01,127.7792,,,,,,,,,,2.1922
cpi_fr,CPI France,inflation,cpi,index,FR,2025-03-01,120.38,,,,,,,,,,0.7617
cpi_it,CPI Italy,inflation,cpi,index,IT,2025-03-01,122.5,,,,,,,,,,1.9135
cpi_au,CPI Australia,inflation,cpi,index,AU,2025-01-01,130.671,,,,,,,,,,13.5593
cpi_ch,CPI Switzerland,inflation,cpi,index,CH,2025-04-01,107.7312,,,,,,,,,,0.0343
cpi_se,CPI Sweden,inflation,cpi,index,SE,2025-03-01,132.8245,,,,,,,,,,0.4683
cpi_no,CPI Norway,inflation,cpi,index,NO,2025-04-01,137.0,,,,,,,,,,2.4682
cpi_kr,CPI South Korea,inflation,cpi,index,KR,2023-11-01,118.8477,,,,,,,,,,3.3364
cpi_cn,CPI China,inflation,cpi,index,CN,2025-04-01,115.0297,,,,,,,,,,-0.0746
cpi_br,CPI Brazil,inflation,cpi,index,BR,2025-04-01,168.8246,,,,,,,,,,5.53
cpi_mx,CPI Mexico,inflation,cpi,index,MX,2024-07-01,155.1579,,,,,,,,,,5.5662
cpi_in,CPI India,inflation,cpi,index,IN,2025-03-01,157.5517,,,,,,,,,,2.9518
cpi_za,CPI South Africa,inflation,cpi,index,ZA,2025-01-01,157.6837,,,,,,,,,,3.0832
m2_us,M2 US,money,m2,mrd,US,2026-04-01,22804.5,,,,,,,,,,4.7245
m2_uk,M2 UK,money,m2,mrd,UK,2023-11-01,3474731000000.0,,,,,,,,,,-3.6638
m2_jp,M2 Japan,money,m2,mrd,JP,2017-02-01,958082300000000.0,,,,,,,,,,4.1683
m2_cn,M2 China,money,m2,mrd,CN,2019-08-01,193549242773720.0,,,,,,,,,,8.2084
ecb_m1_ea,M1 Eurozone,money,m1,mrd,EU,2026-04-01,11265075.0,,,,,,,,,,4.9272
ecb_m3_ea,M3 Eurozone,money,m3,mrd,EU,2026-04-01,17433911.0,,,,,,,,,,3.2622
retail_us,Retail Sales US,economy,retail,index,US,2026-03-01,653040.0,,,,,,,,,,4.4162
ip_us,Industrial Production US,economy,industrial_production,index,US,2026-05-01,102.6475,,,,,,,,,,1.6659
ip_de,Industrial Production Germany,economy,industrial_production,index,DE,2024-03-01,91.4304,,,,,,,,,,-4.4444
ip_fr,Industrial Production France,economy,industrial_production,index,FR,2024-03-01,98.0853,,,,,,,,,,0.6845
ip_jp,Industrial Production Japan,economy,industrial_production,index,JP,2024-03-01,92.3128,,,,,,,,,,-2.9694
ip_uk,Industrial Production UK,economy,industrial_production,index,UK,2024-03-01,100.2633,,,,,,,,,,0.528
ip_ca,Industrial Production Canada,economy,industrial_production,index,CA,2024-02-01,107.7144,,,,,,,,,,0.0103
ip_kr,Industrial Production South Korea,economy,industrial_production,index,KR,2024-03-01,114.912,,,,,,,,,,2.4668
oecd_cli_usa,CLI United States,economy,leading_indicator,index,US,2026-04-01,100.8471,,,,,,,,0.0668,1.1253,
oecd_cli_deu,CLI Germany,economy,leading_indicator,index,DE,2026-04-01,100.8956,,,,,,,,-0.0194,0.8541,
oecd_cli_fra,CLI France,economy,leading_indicator,index,FR,2026-04-01,100.7878,,,,,,,,-0.0434,1.3495,
oecd_cli_ita,CLI Italy,economy,leading_indicator,index,IT,2026-04-01,100.643,,,,,,,,-0.1413,1.0073,
oecd_cli_gbr,CLI United Kingdom,economy,leading_indicator,index,UK,2026-04-01,100.8146,,,,,,,,-0.1035,0.3732,
oecd_cli_can,CLI Canada,economy,leading_indicator,index,CA,2026-04-01,101.6715,,,,,,,,0.0654,2.1737,
oecd_cli_jpn,CLI Japan,economy,leading_indicator,index,JP,2026-04-01,100.3417,,,,,,,,0.0649,0.9004,
oecd_cli_aus,CLI Australia,economy,leading_indicator,index,AU,2026-04-01,100.9196,,,,,,,,0.0689,1.2682,
oecd_cli_chn,CLI China,economy,leading_indicator,index,CN,2026-04-01,98.801,,,,,,,,0.0721,-1.5171,
oecd_cli_ind,CLI India,economy,leading_indicator,index,IN,2026-04-01,102.2443,,,,,,,,0.2058,2.5191,
oecd_cli_kor,CLI South Korea,economy,leading_indicator,index,KR,2026-04-01,102.502,,,,,,,,0.2208,2.7122,
oecd_cli_bra,CLI Brazil,economy,leading_indicator,index,BR,2026-04-01,104.0222,,,,,,,,0.3842,3.6827,
oecd_cli_mex,CLI Mexico,economy,leading_indicator,index,MX,2026-04-01,102.938,,,,,,,,0.2073,3.7888,
oecd_cli_esp,CLI Spain,economy,leading_indicator,index,ES,2026-04-01,101.2254,,,,,,,,-0.069,1.6525,
oecd_cli_idn,CLI Indonesia,economy,leading_indicator,index,ID,2026-04-01,100.5162,,,,,,,,-0.2178,0.769,
oecd_cli_tur,CLI Turkey,economy,leading_indicator,index,TR,2026-04-01,100.1022,,,,,,,,-0.2156,0.5067,
oecd_cli_zaf,CLI South Africa,economy,leading_indicator,index,ZA,2026-04-01,100.5891,,,,,,,,-0.0304,0.5702,
oecd_cli_g7,CLI G7,economy,leading_indicator,index,G7,2026-04-01,100.8231,,,,,,,,0.0242,1.0724,
oecd_cli_g20,CLI G20,economy,leading_indicator,index,G20,2026-04-01,100.6478,,,,,,,,0.0643,0.692,
oecd_cli_nafta,CLI NAFTA,economy,leading_indicator,index,NAFTA,2026-04-01,101.1257,,,,,,,,0.0808,1.4702,
oecd_cli_g4e,CLI G4 Europe,economy,leading_indicator,index,EU,2026-04-01,100.8491,,,,,,,,-0.0682,0.8901,
oecd_cli_a5m,CLI Asia 5 Major,economy,leading_indicator,index,ASIA,2026-04-01,100.1249,,,,,,,,0.0873,0.0219,
